City,Cloudiness,Country,Date,Humidity,Lat,Lng,Max Temp,Wind Speed
Cape Town,94,ZA,1600635023,73,-33.93,18.42,57.0,1.99
Kavieng,2,PG,1600635208,77,-2.57,150.8,83.43,12.33
Touros,40,BR,1600635196,74,-5.2,-35.46,80.6,13.87
Punta Arenas,96,CL,1600635660,57,-53.15,-70.92,51.8,14.99
Kiama,0,AU,1600635660,70,-34.68,150.87,70.0,5.01
Harnoli,0,PK,1600635660,23,32.28,71.55,88.66,6.93
Neftekamsk,3,RU,1600635661,94,56.09,54.27,38.52,8.08
Gimli,99,CA,1600635209,99,50.63,-96.99,72.0,11.01
New Norfolk,66,AU,1600635662,79,-42.78,147.06,55.99,3.51
Port Blair,100,IN,1600635663,80,11.67,92.75,82.2,18.5
Oussouye,20,SN,1600635663,83,12.48,-16.55,82.4,4.7
Barrow,90,US,1600635210,92,71.29,-156.79,32.0,8.05
Arraial do Cabo,90,BR,1600635575,94,-22.97,-42.03,71.6,2.24
Americus,40,US,1600635211,53,32.07,-84.23,73.4,9.17
Chākia,42,IN,1600635664,79,26.42,85.05,83.53,6.22
Anadyr,100,RU,1600635212,80,64.75,177.48,39.2,4.47
Ushuaia,75,AR,1600635474,52,-54.8,-68.3,46.4,4.7
Rikitea,85,PF,1600635665,78,-23.12,-134.97,71.98,22.91
Qaanaaq,97,GL,1600635212,92,77.48,-69.36,21.15,3.67
Vrede,62,ZA,1600635213,31,-27.43,29.17,68.29,6.22
Buala,64,SB,1600635213,77,-8.14,159.59,81.95,2.73
Airai,27,TL,1600635666,100,-8.93,125.41,60.35,2.42
Wanlaweyn,17,SO,1600635667,76,2.62,44.89,75.09,12.82
Mataura,3,NZ,1600635667,97,-46.19,168.86,48.0,1.01
Severo-Kuril'sk,6,RU,1600635214,80,50.68,156.12,48.13,8.9
Nanortalik,0,GL,1600635668,80,60.14,-45.24,37.72,11.34
Jönköping,100,SE,1600635668,93,57.78,14.16,51.8,5.82
Zyryanka,0,RU,1600635215,86,65.75,150.85,34.39,4.14
Khatanga,67,RU,1600635669,90,71.97,102.5,40.82,9.4
Giohar,49,SO,1600635215,76,2.78,45.5,74.86,12.28
Chokurdakh,8,RU,1600635215,90,70.63,147.92,35.56,9.55
Flagstaff,1,US,1600635669,14,35.2,-111.65,82.99,14.99
Oksovskiy,100,RU,1600635670,93,62.61,39.9,40.93,7.45
Hithadhoo,100,MV,1600635670,81,-0.6,73.08,81.36,13.89
Garden City,20,US,1600635600,39,42.33,-83.33,69.8,9.17
Busselton,100,AU,1600635671,69,-33.65,115.33,51.01,11.25
Taoudenni,9,ML,1600635671,19,22.68,-3.98,98.28,7.05
Yellowknife,75,CA,1600635657,54,62.46,-114.35,57.2,9.17
Kaitangata,10,NZ,1600635217,91,-46.28,169.85,44.01,4.0
Mahanje,0,TZ,1600635672,69,-9.93,35.33,63.61,2.21
Butaritari,63,KI,1600635672,75,3.07,172.79,82.42,15.59
Mackay,75,AU,1600635673,93,-21.15,149.2,70.0,3.36
Saint-Philippe,40,RE,1600635673,68,-21.36,55.77,69.8,2.24
Guamal,97,CO,1600635219,66,9.14,-74.22,88.18,3.4
Ribeira Grande,20,PT,1600635674,72,38.52,-28.7,68.0,19.46
Vaini,75,TO,1600635220,83,-21.2,-175.2,75.2,9.17
Gobabis,0,NA,1600635220,23,-22.45,18.97,65.03,7.67
Kapaa,90,US,1600635220,94,22.08,-159.32,82.0,3.36
Upernavik,73,GL,1600635675,88,72.79,-56.15,30.25,6.24
Coahuayana Viejo,75,MX,1600635221,74,18.73,-103.68,82.4,6.96
Mogok,100,MM,1600635221,100,22.92,96.5,67.17,2.62
Cherskiy,0,RU,1600635676,90,68.75,161.3,33.42,2.62
Port Hardy,90,CA,1600635606,100,50.7,-127.42,55.4,2.24
Mossamedes,55,AO,1600635222,85,-15.2,12.15,62.87,7.29
Cidreira,0,BR,1600635222,48,-30.18,-50.21,54.48,7.27
Avarua,100,CK,1600635222,83,-21.21,-159.78,78.8,8.05
Belaya Gora,0,RU,1600635677,86,68.53,146.42,35.37,7.14
Umluj,0,SA,1600635678,39,25.02,37.27,89.11,7.99
Hobart,75,AU,1600635594,72,-42.88,147.33,60.8,13.87
Sola,37,VU,1600635673,82,-13.88,167.55,78.73,22.35
Praia,100,CV,1600635224,73,14.92,-23.51,80.62,2.26
Whitehorse,75,CA,1600635679,48,60.72,-135.05,50.0,10.29
La Ronge,75,CA,1600635224,67,55.1,-105.28,62.6,5.82
Russkiy Aktash,75,RU,1600635679,86,55.04,52.12,41.0,13.42
Clyde River,1,CA,1600635679,85,70.47,-68.59,32.0,3.78
Altay,94,CN,1600635680,45,47.87,88.12,51.51,3.76
Wenling,99,CN,1600635680,79,28.37,121.36,73.0,7.14
Klaksvík,100,FO,1600635226,100,62.23,-6.59,51.8,12.75
Beyneu,0,KZ,1600635681,62,45.32,55.2,52.05,14.43
Bud,1,US,1600635681,23,39.45,-86.18,73.4,11.41
Deputatsky,0,RU,1600635681,96,69.3,139.9,32.38,1.48
Beira,0,MZ,1600635682,94,-19.84,34.84,68.0,5.82
Jamestown,1,US,1600635682,38,42.1,-79.24,61.0,4.7
Geraldton,90,AU,1600635683,71,-28.77,114.6,53.6,11.34
Fortuna,1,US,1600635683,72,40.6,-124.16,70.0,16.11
Saskylakh,92,RU,1600635684,86,71.92,114.08,45.61,5.99
Carutapera,4,BR,1600635684,76,-1.2,-46.02,80.15,8.9
Novikovo,0,RU,1600635685,72,51.15,37.89,45.36,3.56
Longyearbyen,75,SJ,1600635229,69,78.22,15.64,35.6,19.46
Ushirombo,56,TZ,1600635685,62,-3.49,31.96,70.57,4.27
East London,87,ZA,1600635229,65,-33.02,27.91,63.14,19.95
Port Alfred,1,ZA,1600635686,71,-33.59,26.89,60.39,25.75
Muravlenko,100,RU,1600635686,85,63.79,74.52,50.02,17.22
Rawson,0,AR,1600634964,52,-43.3,-65.1,49.05,11.7
Albany,0,US,1600635629,27,42.6,-73.97,63.0,6.2
Aklavik,90,CA,1600635687,86,68.22,-135.01,39.2,5.82
Nome,75,US,1600635688,86,64.5,-165.41,43.0,3.69
Coos Bay,1,US,1600635231,68,43.37,-124.22,77.0,3.36
Norman Wells,75,CA,1600635688,66,65.28,-126.83,53.6,2.24
Voyvozh,99,RU,1600635688,92,62.89,54.96,35.37,8.7
Quatre Cocos,40,MU,1600635689,73,-20.21,57.76,71.6,12.75
Santa Isabel Rio Negro,65,BR,1600635689,41,-0.41,-65.02,94.46,2.91
Guerrero Negro,0,MX,1600635232,38,27.98,-114.06,88.72,13.27
Burnie,100,AU,1600635690,87,-41.07,145.92,54.0,5.01
Khandyga,29,RU,1600635690,89,62.67,135.6,38.39,1.43
Cockburn Town,20,TC,1600635519,62,21.46,-71.14,86.0,6.93
Atuona,0,PF,1600635691,70,-9.8,-139.03,78.87,20.07
Thompson,75,CA,1600635234,53,55.74,-97.86,73.4,9.17
Joshīmath,0,IN,1600635691,41,30.57,79.57,61.52,3.33
Bluff,5,NZ,1600635234,98,-46.6,168.33,46.99,10.49
Monrovia,100,LR,1600635692,90,6.3,-10.8,76.42,10.04
Presidencia Roque Sáenz Peña,95,AR,1600635235,39,-26.79,-60.44,64.54,2.86
Goderich,0,CA,1600635235,53,43.75,-81.72,66.99,6.31
Sikasso,60,ML,1600635693,84,10.92,-7.0,77.16,2.71
Raudeberg,100,NO,1600635694,88,61.99,5.14,55.0,30.31
Zheleznodorozhnyy,90,RU,1600635562,75,55.75,38.0,46.0,6.71
Constitución,61,CL,1600635694,56,-35.33,-72.42,59.85,4.59
Hilo,75,US,1600635237,74,19.73,-155.09,80.6,3.36
Boende,36,CD,1600635695,78,-0.22,20.87,73.83,2.86
Aksarka,100,RU,1600635695,87,66.56,67.8,42.57,1.5
Bherāmāra,100,BD,1600635238,91,24.02,88.99,79.86,7.67
Castro,57,BR,1600635650,77,-24.79,-50.01,63.28,10.92
Brigantine,1,US,1600635239,36,39.41,-74.36,63.0,17.22
Hamilton,1,US,1600635486,25,39.18,-84.53,73.4,6.93
Matara,98,LK,1600635239,88,5.95,80.54,77.4,9.91
Srednekolymsk,0,RU,1600635696,90,67.45,153.68,32.99,3.62
Baisha,100,CN,1600635240,88,26.52,110.93,68.29,1.54
Ninotsminda,0,GE,1600635240,66,41.26,43.59,53.6,4.7
Lebu,63,CL,1600635697,69,-37.62,-73.65,54.32,11.88
Camacha,20,PT,1600635698,78,33.08,-16.33,71.6,4.7
Chui,0,UY,1600635611,60,-33.7,-53.46,54.72,8.72
Shubarshi,91,KZ,1600635241,51,48.59,57.19,50.83,12.64
Isangel,3,VU,1600635699,73,-19.55,169.27,72.66,15.82
Benjamin Constant,40,BR,1600635570,65,-4.38,-70.03,82.4,3.36
Hermanus,99,ZA,1600635654,59,-34.42,19.23,55.99,1.99
Shingū,100,JP,1600635699,79,33.73,135.98,65.14,3.4
Kulykivka,66,UA,1600635700,68,51.37,31.65,48.04,4.14
Puerto Ayora,99,EC,1600635700,86,-0.74,-90.35,66.92,10.47
Shimoda,100,JP,1600635701,95,34.67,138.95,62.01,4.25
Carnarvon,0,AU,1600635702,58,-24.87,113.63,57.2,12.75
Turka,100,UA,1600635244,76,49.15,23.03,54.0,3.0
Kazachinskoye,100,RU,1600635244,96,57.7,93.28,45.99,3.0
Poum,4,NC,1600635244,73,-20.23,164.02,70.74,15.21
Aykhal,49,RU,1600635245,93,66.0,111.5,39.2,4.47
Ābādān,0,IR,1600635245,29,30.34,48.3,91.4,13.87
Haines Junction,95,CA,1600635703,48,60.75,-137.51,50.38,2.42
Killam,88,CA,1600635703,46,52.78,-111.85,66.0,13.0
Torbay,75,CA,1600635246,75,47.67,-52.73,48.0,11.41
Ongandjera,63,NA,1600635704,20,-17.88,15.07,73.2,12.91
Saint Paul Harbor,1,US,1600635246,71,57.79,-152.41,51.8,5.82
Neiafu,75,TO,1600635670,83,-18.65,-173.98,77.0,10.29
Urengoy,100,RU,1600635705,93,65.97,78.37,48.06,14.23
Ayorou,13,NE,1600635706,52,14.73,0.92,91.45,16.06
Rio Grande,0,BR,1600635706,58,-32.03,-52.1,55.92,9.06
São Filipe,100,CV,1600635706,79,14.9,-24.5,79.25,1.97
Eydhafushi,91,MV,1600635707,79,5.1,73.07,81.97,13.58
Islamkot,100,PK,1600635707,68,24.7,70.18,85.23,15.84
Mahébourg,40,MU,1600635708,73,-20.41,57.7,71.6,12.75
Cabo San Lucas,40,MX,1600635705,70,22.89,-109.91,89.01,17.22
Teya,100,RU,1600635708,91,60.38,92.63,45.0,3.8
Tuktoyaktuk,90,CA,1600635709,86,69.45,-133.04,37.4,23.04
Requena,1,ES,1600635250,75,39.49,-1.1,62.01,8.1
Villaviciosa,54,ES,1600635250,79,43.48,-5.44,66.0,3.13
Yar-Sale,100,RU,1600635710,94,66.83,70.83,46.47,9.57
Honningsvåg,75,NO,1600635710,81,70.98,25.97,44.6,19.46
Broken Hill,98,AU,1600635251,76,-31.95,141.43,55.4,11.41
Morant Bay,40,JM,1600635711,66,17.88,-76.41,89.6,14.99
Lensk,100,RU,1600635711,91,60.73,114.93,42.35,1.97
Labuhan,37,ID,1600635712,78,-6.88,112.21,78.19,8.68
Ukiah,90,US,1600635238,34,39.15,-123.21,87.01,3.36
Batagay-Alyta,0,RU,1600635712,85,67.8,130.41,34.92,0.83
Hokitika,96,NZ,1600635005,77,-42.72,170.97,50.9,2.93
Holod,25,RO,1600635253,77,46.78,22.13,59.0,5.82
Adrar,44,MR,1600635253,34,20.5,-10.07,93.43,13.6
Belmonte,20,BR,1600635253,73,-15.86,-38.88,77.0,16.11
Uruçuí,0,BR,1600635714,24,-7.23,-44.56,92.82,6.49
Pevek,88,RU,1600635254,96,69.7,170.31,35.62,7.85
Turukhansk,100,RU,1600635714,92,65.82,87.98,46.38,14.07
Stornoway,100,GB,1600635255,87,58.21,-6.39,54.0,19.46
Provideniya,75,RU,1600635715,79,64.38,-173.3,41.0,11.18
Khovd,0,MN,1600635715,56,48.01,91.64,44.96,1.86
Porangatu,9,BR,1600635070,23,-13.44,-49.15,93.78,3.98
Nikolskoye,100,RU,1600635640,76,59.7,30.79,52.0,11.18
Avera,40,US,1600635256,56,33.19,-82.53,73.4,11.41
Husavik,75,IS,1600635716,45,66.04,-17.34,48.2,13.87
Puerto Carreño,40,CO,1600635717,83,6.19,-67.49,80.6,2.24
Leningradskiy,100,RU,1600635717,89,69.38,178.42,34.41,13.35
Pinega,100,RU,1600635718,87,64.7,43.39,37.54,5.55
Meulaboh,100,ID,1600635718,76,4.14,96.13,77.72,4.18
Port-Gentil,75,GA,1600635719,88,-0.72,8.78,77.0,14.23
Porto-Novo,99,BJ,1600635086,90,6.5,2.6,75.99,7.07
Merauke,100,ID,1600635719,80,-8.47,140.33,78.44,11.34
Caravelas,4,BR,1600635258,82,-17.71,-39.25,74.43,9.08
Makkah al Mukarramah,0,SA,1600635720,41,21.43,39.83,85.69,4.23
Lubao,75,PH,1600635259,88,14.92,120.55,78.8,4.7
Simmerath,68,DE,1600635259,76,50.6,6.3,60.01,3.13
Esperance,90,AU,1600635721,100,-33.87,121.9,50.0,17.22
Houma,90,US,1600635260,94,29.6,-90.72,73.4,17.22
Rāwatsār,0,IN,1600635260,23,29.28,74.38,89.01,8.28
Pilot Butte,75,CA,1600635722,59,50.47,-104.42,66.2,17.22
Ankpa,51,NG,1600635722,97,7.37,7.63,71.01,3.71
Atar,100,MR,1600635723,46,20.52,-13.05,84.11,12.35
Tiksi,17,RU,1600635724,77,71.69,128.87,40.8,12.77
Faanui,10,PF,1600635724,80,-16.48,-151.75,78.21,17.92
Mwinilunga,0,ZM,1600635725,33,-11.74,24.43,66.79,3.33
Morondava,13,MG,1600635262,89,-20.28,44.28,72.79,4.88
Vardø,75,NO,1600635725,93,70.37,31.11,41.0,23.04
Lagoa,82,PT,1600635726,79,39.05,-27.98,66.92,20.87
Zhicheng,100,CN,1600635726,96,30.3,111.5,62.01,0.54
Manzhouli,99,CN,1600635263,87,49.6,117.43,46.69,3.51
Khasan,2,RU,1600635727,77,42.43,130.64,53.64,9.89
Sitka,90,US,1600635728,62,57.05,-135.33,55.4,11.41
Katsuura,75,JP,1600635728,83,35.13,140.3,71.6,8.05
Olmos,4,PE,1600635264,56,-5.98,-79.75,79.0,5.99
Malbork,0,PL,1600635264,100,54.04,19.03,50.0,1.12
Sabla,56,NG,1600635729,74,12.75,4.71,81.41,10.18
Evensk,94,RU,1600635265,72,61.95,159.23,39.31,9.28
Amboasary,0,MG,1600635729,78,-25.03,46.38,71.6,20.8
Bambous Virieux,40,MU,1600635730,73,-20.34,57.76,71.6,12.75
Cascais,100,PT,1600635730,82,38.7,-9.42,69.01,3.36
Kamojimachō-jōgejima,75,JP,1600635731,77,34.07,134.35,68.0,6.93
Hofn,0,IS,1600635731,62,64.25,-15.21,47.39,25.08
Parkersburg,1,US,1600635266,36,39.27,-81.56,71.01,9.17
Saint George,1,US,1600635473,15,37.1,-113.58,96.01,13.38
Hualmay,21,PE,1600635732,72,-11.1,-77.61,66.16,9.4
Sinnamary,44,GF,1600635733,74,5.38,-52.95,82.62,9.28
Gao,0,ML,1600635268,15,16.64,1.64,96.66,8.61
Calgary,20,CA,1600635163,42,51.05,-114.09,69.01,13.87
George Town,20,MY,1600635268,88,5.41,100.34,78.8,2.24
Prieska,60,ZA,1600635733,33,-29.66,22.75,60.67,14.03
Mandan,1,US,1600635167,38,46.83,-100.89,80.6,21.92
Mineiros,66,BR,1600635269,49,-17.57,-52.55,78.3,3.6
Zemio,100,CF,1600635734,93,5.03,25.14,70.92,0.56
Zelenoborskiy,38,RU,1600635735,88,66.84,32.36,42.58,8.95
Kavaratti,100,IN,1600635735,81,10.57,72.64,81.21,25.55
Edinburgh,60,GB,1600635115,100,55.95,-3.2,53.01,3.36
Noumea,0,NC,1600635270,60,-22.28,166.46,69.8,1.12
Xicoténcatl,19,MX,1600635271,46,23.02,-98.88,91.99,10.0
Port-Cartier,20,CA,1600635736,50,50.03,-66.87,51.8,11.41
Kalat,0,PK,1600635736,27,29.02,66.59,64.09,3.18
Vikulovo,2,RU,1600635737,60,56.82,70.61,52.81,11.99
Kargat,100,RU,1600635737,64,55.2,80.28,50.65,9.51
Souillac,40,MU,1600635272,73,-20.52,57.52,71.6,12.75
Scottsbluff,1,US,1600635272,17,41.87,-103.67,82.4,21.92
Inhambupe,17,BR,1600635738,70,-11.78,-38.35,74.19,10.29
Guadalupe y Calvo,81,MX,1600635273,73,26.1,-106.97,64.02,1.1
Kalmunai,100,LK,1600635738,69,7.42,81.82,80.6,10.25
Bahía Blanca,0,AR,1600635473,40,-38.72,-62.27,55.49,9.95
Luau,0,AO,1600635274,49,-10.71,22.22,75.9,2.62
Krylovskaya,0,RU,1600635274,44,46.32,39.97,55.15,9.28
Ovsyanka,64,RU,1600635274,100,55.96,92.55,39.2,2.24
Praia da Vitória,75,PT,1600635275,72,38.73,-27.07,68.0,16.96
São João da Barra,75,BR,1600635740,78,-21.64,-41.05,77.0,18.34
Bredasdorp,95,ZA,1600635740,58,-34.53,20.04,53.6,10.29
Codrington,1,AU,1600635741,88,-38.27,141.97,47.55,12.71
Gēdo,96,ET,1600635276,100,9.02,37.45,51.87,2.89
Kutum,32,SD,1600635276,49,14.2,24.67,79.41,11.34
Okhotsk,100,RU,1600635741,57,59.38,143.3,46.09,1.72
Lufilufi,40,WS,1600635742,74,-13.87,-171.6,86.0,3.36
Kruisfontein,100,ZA,1600635742,81,-34.0,24.73,55.99,5.01
Alyangula,75,AU,1600635743,94,-13.85,136.42,68.0,2.35
Lodwar,11,KE,1600635277,39,3.12,35.6,85.5,16.8
Princeton,1,US,1600635278,83,25.54,-80.41,89.01,4.7
Pisco,40,PE,1600635697,72,-13.7,-76.22,66.2,18.34
Lumeje,0,AO,1600635744,41,-11.55,20.78,76.89,3.87
Kiunga,100,PG,1600635744,98,-6.12,141.29,74.17,1.86
Vila do Maio,100,CV,1600635279,72,15.13,-23.22,81.18,3.31
Kurumkan,46,RU,1600635745,80,54.3,110.3,42.55,2.86
Saurimo,2,AO,1600635250,57,-9.66,20.39,73.36,3.71
Asău,69,RO,1600635280,71,46.43,26.4,54.0,2.3
Vanimo,97,PG,1600635745,78,-2.67,141.3,79.11,4.07
Hastings,22,GB,1600635746,85,50.86,0.57,60.01,13.58
Smithers,75,CA,1600635280,93,54.78,-127.17,50.0,4.7
Dingle,100,PH,1600635746,92,11.0,122.67,76.1,3.98
Marawi,100,PH,1600635281,92,8.0,124.29,73.99,4.0
Trairi,79,BR,1600635747,75,-3.28,-39.27,78.35,12.84
Lavrentiya,100,RU,1600635748,82,65.58,-171.0,38.14,9.04
Vangaindrano,22,MG,1600635748,90,-23.35,47.6,65.21,6.29
Puerto Escondido,75,MX,1600635748,66,15.85,-97.07,84.2,6.93
Colares,100,PT,1600635283,82,38.8,-9.45,69.01,3.36
Mbandaka,0,CD,1600635283,90,0.05,18.26,72.32,2.62
Palmer,40,US,1600635749,27,42.16,-72.33,62.6,8.05
Narsaq,1,GL,1600635283,41,60.92,-46.05,39.2,6.93
Barentu,43,ER,1600635750,76,15.11,37.59,76.19,7.25
Petropavlovsk-Kamchatskiy,40,RU,1600635750,100,53.05,158.65,42.8,2.24
Hambantota,98,LK,1600635750,79,6.12,81.12,79.9,17.11
Oktyabr'skoye,5,RU,1600635285,93,43.06,44.74,46.4,6.71
San Quintín,0,MX,1600635751,59,30.48,-115.95,78.1,13.85
Coffs Harbour,10,AU,1600635751,88,-30.3,153.13,68.0,5.82
San Isidro,75,PE,1600635752,72,-12.12,-77.05,64.99,13.87
São Gabriel da Cachoeira,20,BR,1600635286,55,-0.13,-67.09,91.4,6.93
Paamiut,100,GL,1600635753,91,61.99,-49.67,35.56,12.46
Sungai Raya,100,ID,1600635287,93,0.7,108.9,75.96,6.46
Santa Marinella,15,IT,1600635753,94,42.03,11.85,66.99,8.97
Sarkand,0,KZ,1600635754,36,45.41,79.92,56.75,6.06
Bubaque,100,GW,1600635287,82,11.28,-15.83,80.89,8.08
Sittwe,100,MM,1600635695,85,20.15,92.9,81.97,19.77
Kabompo,0,ZM,1600635754,30,-13.59,24.2,72.19,3.76
Lixouri,0,GR,1600635288,82,38.2,20.43,68.0,4.18
Lékoni,78,GA,1600635288,80,-1.58,14.26,75.06,5.28
Kupang,14,ID,1600635755,87,-10.17,123.58,77.79,8.39
Zhigansk,0,RU,1600635755,80,66.77,123.37,39.16,6.89
Banda Aceh,99,ID,1600635756,76,5.56,95.32,80.06,6.2
Diplo,100,PK,1600635756,71,24.47,69.58,84.96,16.17
Huanren,54,CN,1600635756,89,41.26,125.37,46.13,1.36
Nabire,62,ID,1600635757,83,-3.37,135.48,74.26,2.71
Itarema,77,BR,1600635612,75,-2.92,-39.92,78.66,16.98
Grindavik,20,IS,1600635758,81,63.84,-22.43,42.8,12.75
Bilma,0,NE,1600635758,14,18.69,12.92,92.59,7.43
Vao,5,NC,1600635757,73,-22.67,167.48,69.08,15.86
Sucúa,40,EC,1600635759,78,-2.47,-78.17,71.6,2.24
Kumul,100,CN,1600635759,28,42.8,93.45,63.91,2.19
Tasiilaq,99,GL,1600635760,87,65.61,-37.64,25.48,5.21
Khon Buri,100,TH,1600635293,93,14.53,102.25,73.54,1.83
Mezen',100,RU,1600635293,92,65.85,44.24,36.46,5.19
Port Elizabeth,23,ZA,1600635760,82,-33.92,25.57,57.2,31.09
Madimba,20,TZ,1600635761,88,-10.4,40.33,68.0,5.06
Makakilo City,75,US,1600635294,58,21.35,-158.09,84.2,9.17
Vigía del Fuerte,99,CO,1600635761,89,6.58,-76.89,81.54,3.02
Talara,68,PE,1600635295,68,-4.58,-81.27,71.6,13.87
Bethel,40,US,1600635762,31,41.37,-73.41,63.0,10.29
Saint-François,67,FR,1600635295,82,46.42,3.91,66.2,2.24
Moose Factory,75,CA,1600635763,55,51.26,-80.61,62.6,18.34
San Onofre,100,CO,1600635763,77,9.74,-75.53,83.93,7.02
Nemuro,100,JP,1600635763,88,43.32,145.57,62.17,3.49
Sendafa,83,ET,1600635296,90,9.15,39.03,54.63,2.48
Tecpan,40,GT,1600635764,61,14.76,-90.99,78.8,13.87
Benguela,61,AO,1600635297,83,-12.58,13.41,70.99,5.7
Jinxiang,87,CN,1600635764,88,22.86,115.7,78.93,11.68
Harper,100,LR,1600635765,88,4.38,-7.72,76.28,11.1
Rameswaram,100,IN,1600635298,74,9.28,79.3,83.12,25.97
Korla,96,CN,1600635298,39,41.76,86.15,70.0,5.01
Tongliao,96,CN,1600635766,87,43.61,122.27,49.77,5.57
Pimenta Bueno,94,BR,1600635299,76,-11.67,-61.19,78.22,7.38
Muncar,69,ID,1600635299,87,-8.43,114.33,74.48,1.01
Basoko,100,CD,1600635299,90,1.24,23.62,73.6,2.77
Neepawa,75,CA,1600635767,53,50.23,-99.47,73.4,18.34
Kwang Binh,99,VN,1600635767,79,17.48,106.6,78.66,3.47
Parfino,100,RU,1600635767,79,57.97,31.65,46.78,7.72
Oodweyne,100,SO,1600635767,51,9.41,45.06,78.44,13.96
Nelson Bay,90,AU,1600635300,100,-32.72,152.15,61.0,5.77
Krasnosel'kup,100,RU,1600635768,93,65.7,82.47,48.85,16.44
San Cristobal,40,VE,1600635301,74,7.77,-72.22,82.4,5.73
Mojo,50,ET,1600635769,91,8.6,39.12,59.67,3.04
Mumford,100,GH,1600635769,91,5.26,-0.76,75.67,13.8
Vilhena,97,BR,1600635769,73,-12.74,-60.15,75.2,10.29
Yerbogachën,3,RU,1600635302,93,61.28,108.01,34.9,3.91
Merzifon,40,TR,1600635303,72,40.87,35.46,62.6,17.22
Dunedin,0,NZ,1600635303,91,-45.87,170.5,46.0,3.0
Kapit,100,MY,1600635770,95,2.02,112.93,73.08,1.3
Kidal,7,ML,1600635770,15,18.44,1.41,95.36,8.88
Abonnema,100,NG,1600635304,93,4.71,6.79,73.98,5.08
Kokopo,80,PG,1600635771,82,-4.35,152.26,78.6,4.7
Tres Picos,100,MX,1600635304,73,15.87,-93.53,83.3,2.1
Huambo,81,AO,1600635304,34,-12.78,15.74,70.74,3.94
San Patricio,75,MX,1600635305,66,19.22,-104.7,86.0,16.11
Newport,0,GB,1600635473,81,51.59,-3.0,64.0,1.01
Talnakh,100,RU,1600635305,87,69.49,88.4,44.6,13.42
Izačić,37,BA,1600635305,93,44.88,15.78,54.0,1.54
Bengkulu,91,ID,1600635306,90,-3.8,102.27,75.78,3.51
Salalah,20,OM,1600635306,94,17.02,54.09,78.8,4.7
Mar del Plata,20,AR,1600635273,46,-38.0,-57.56,50.0,13.87
Lorengau,95,PG,1600635773,73,-2.02,147.27,83.17,7.67
Colesberg,100,ZA,1600635773,37,-30.72,25.1,55.44,5.86
Lüderitz,81,NA,1600635307,64,-26.65,15.16,58.08,26.19
Colon,40,VE,1600635774,74,8.03,-72.26,82.4,1.54
Ngunguru,0,NZ,1600635774,95,-35.62,174.5,55.99,5.01
Kisangani,48,CD,1600635308,94,0.52,25.2,72.79,1.5
Salinópolis,13,BR,1600635775,77,-0.61,-47.36,80.6,12.62
Ustrzyki Dolne,94,PL,1600635309,75,49.43,22.59,54.0,8.01
Ketchikan,40,US,1600635775,76,55.34,-131.65,57.2,10.29
Inhambane,0,MZ,1600635309,83,-23.86,35.38,71.49,10.67
Saint Anthony,1,US,1600635129,33,45.02,-93.22,73.99,23.04
Rome,1,US,1600635310,29,43.21,-75.46,62.6,6.93
Valdivia,72,CL,1600635681,52,-39.81,-73.25,66.2,4.7
Muramatsu,100,JP,1600635777,92,37.68,139.18,64.0,3.13
Sukhinichi,25,RU,1600635777,92,54.1,35.34,42.04,6.4
Araouane,29,ML,1600635311,23,18.9,-3.53,96.58,5.86
Lompoc,1,US,1600635064,68,34.64,-120.46,77.0,12.75
Turki,90,RU,1600635778,65,51.99,43.27,47.01,4.65
Altinho,26,BR,1600635778,83,-8.49,-36.06,71.11,9.82
Dubbo,0,AU,1600635312,100,-32.25,148.62,53.6,8.05
Hasaki,75,JP,1600635779,94,35.73,140.83,68.0,4.7
Sabang,97,ID,1600635779,73,5.89,95.32,83.25,6.78
Hammerfest,75,NO,1600635779,81,70.66,23.68,42.8,20.8
Nouadhibou,40,MR,1600635780,83,20.93,-17.03,78.8,14.99
Bairiki Village,20,KI,1600635678,74,1.33,172.98,84.2,10.29
Marinette,75,US,1600635780,63,45.1,-87.63,68.0,12.75
Santa Cruz del Sur,6,CU,1600635780,59,20.71,-78.0,86.58,8.37
Euclides da Cunha,0,BR,1600635781,51,-10.51,-39.02,77.49,9.4
Mount Isa,75,AU,1600635304,78,-20.73,139.5,75.2,5.82
Mabaruma,98,GY,1600635781,91,8.2,-59.78,80.55,5.5
Lae,91,PG,1600635782,73,-6.72,146.98,77.0,5.21
Opuwo,37,NA,1600635316,27,-18.06,13.84,66.34,4.76
Yumen,79,CN,1600635783,33,40.28,97.2,60.6,9.78
Fonte Boa,65,BR,1600635316,42,-2.5,-66.27,95.4,3.13
Bonavista,36,CA,1600635783,61,48.65,-53.11,47.77,5.88
Sambava,27,MG,1600635784,85,-14.27,50.17,70.21,10.22
Necochea,91,AR,1600635317,73,-38.55,-58.74,46.99,11.01
The Valley,20,AI,1600635624,74,18.22,-63.06,86.0,9.17
Flinders,0,AU,1600635318,94,-34.58,150.86,70.0,1.99
Karlskrona,5,SE,1600635318,100,56.16,15.59,50.0,2.24
Tezu,50,IN,1600635319,61,27.92,96.17,80.53,3.83
Ilulissat,78,GL,1600635319,98,69.22,-51.1,32.0,3.36
Pekan,20,MY,1600635319,94,3.48,103.4,77.0,5.57
Boyolangu,79,ID,1600635319,88,-8.12,111.89,74.82,2.35
Beihai,100,CN,1600635237,81,21.48,109.1,81.39,3.83
Ostrovnoy,100,RU,1600635320,90,68.05,39.51,39.43,11.03
Katherine,32,AU,1600635320,74,-14.47,132.27,80.6,8.05
Sault Ste. Marie,1,CA,1600635786,39,46.52,-84.33,66.2,6.93
Russell,1,US,1600635787,46,32.35,-85.2,75.2,10.29
Bagdarin,100,RU,1600635321,90,54.43,113.6,42.08,2.55
Te Anau,22,NZ,1600635664,81,-45.42,167.72,47.23,6.6
Tongren,98,CN,1600635787,89,27.72,109.19,62.44,2.8
Ixtapa,75,MX,1600635322,70,20.7,-105.2,89.01,8.05
Pierre,1,US,1600635788,25,44.37,-100.35,84.99,12.75
Manggar,98,ID,1600635788,83,-2.88,108.27,79.84,2.8
Teknāf,100,BD,1600635789,89,20.86,92.31,80.49,15.82
Saint-Pierre,5,RE,1600635789,68,-21.34,55.48,68.0,2.24
Antalaha,30,MG,1600635324,89,-14.9,50.28,67.53,7.07
Kavarna,0,BG,1600635324,68,43.43,28.33,64.4,4.7
Stjørdalshalsen,75,NO,1600635790,81,63.47,10.93,50.0,13.87
Acapulco de Juárez,40,MX,1600635790,63,16.86,-99.89,91.4,4.7
Marfino,64,RU,1600635790,81,55.7,37.38,46.0,6.71
Callaguip,0,PH,1600635791,75,18.07,120.49,79.34,4.85
Kampot,40,KH,1600635325,88,10.62,104.18,78.8,3.53
Malatya Province,27,TR,1600635791,42,38.5,38.0,64.4,3.36
Caraúbas,34,BR,1600635714,66,-5.79,-37.56,84.2,16.11
Havøysund,75,NO,1600635326,81,71.0,24.66,44.6,19.46
Sidi Ali,100,DZ,1600635792,67,36.1,0.42,71.15,2.62
Tuatapere,1,NZ,1600635326,98,-46.13,167.68,46.99,5.91
Ancud,98,CL,1600635792,71,-41.87,-73.82,55.99,1.01
Laguna,1,US,1600635564,26,38.42,-121.42,87.01,5.82
Port Lincoln,30,AU,1600635283,60,-34.73,135.87,53.92,27.0
Sur,87,OM,1600635328,43,22.57,59.53,84.04,4.7
Brainerd,1,US,1600635328,46,46.36,-94.2,72.0,16.11
Buenos Aires,0,AR,1600635289,16,-34.61,-58.38,68.0,10.29
Ponta Delgada,75,PT,1600635794,82,37.73,-25.67,68.0,11.41
Umm Kaddadah,72,SD,1600635794,41,13.6,26.69,87.8,15.14
Río Gallegos,40,AR,1600635704,44,-51.62,-69.22,59.0,10.29
Cedar City,1,US,1600635795,13,37.68,-113.06,84.2,12.75
Hong Kong,88,HK,1600635606,84,22.29,114.16,84.0,13.24
Arinos,10,BR,1600635796,16,-15.92,-46.11,90.14,4.68
Eilat,0,IL,1600635269,34,29.56,34.95,93.2,12.75
Poya,0,NC,1600635330,61,-21.35,165.15,69.89,5.48
Namatanai,8,PG,1600635797,79,-3.67,152.43,80.31,5.82
Scarborough,13,GB,1600635797,83,54.28,-0.4,54.0,5.26
Ullapool,100,GB,1600635797,86,57.9,-5.16,50.0,1.01
Walvis Bay,0,NA,1600635798,81,-22.96,14.51,54.0,3.36
Karratha,0,AU,1600635743,26,-20.74,116.85,64.56,10.78
Nizhnyaya Poyma,100,RU,1600635798,95,56.16,97.19,47.98,2.08
Nālūt,96,LY,1600635799,27,30.33,10.85,80.2,11.95
Cuenca,75,EC,1600635799,56,-2.88,-78.98,68.0,9.17
Aracati,82,BR,1600635685,76,-4.56,-37.77,78.28,13.35
Boppard,2,DE,1600635800,66,50.23,7.59,62.01,2.33
Price,1,US,1600635800,20,39.6,-110.81,77.0,8.05
Jambi City,26,ID,1600635334,98,-1.6,103.62,71.98,2.13
Mujiayingzi,100,CN,1600635800,57,42.12,118.78,53.91,5.5
Naze,75,JP,1600635801,78,28.37,129.48,78.8,19.46
Vega de Alatorre,43,MX,1600635335,58,20.03,-96.63,84.18,18.3
Taywarah,0,AF,1600635335,58,33.35,64.42,39.67,4.54
El Salvador,40,SV,1600635616,70,13.83,-88.92,87.8,4.7
Dikson,100,RU,1600635336,88,73.51,80.55,39.52,8.32
Sørland,75,NO,1600635336,70,67.67,12.69,46.4,4.7
Guano,73,EC,1600635803,65,-1.58,-78.63,56.86,7.47
San Vicente Pacaya,40,GT,1600635337,61,14.42,-90.64,78.8,13.87
Bathsheba,20,BB,1600635665,70,13.22,-59.52,87.8,12.75
Ilhabela,100,BR,1600635338,90,-23.78,-45.36,69.71,8.14
Luba,40,GQ,1600635803,100,3.46,8.55,77.0,9.17
Aljezur,100,PT,1600635804,91,37.32,-8.8,66.54,5.06
Magalia,5,US,1600635338,34,39.81,-121.58,86.0,4.7
Ishinomaki,75,JP,1600635749,88,38.42,141.3,64.4,2.24
Yangjiang,100,CN,1600635339,89,21.85,111.97,78.33,2.8
Yei,92,SS,1600635805,94,4.09,30.68,67.08,2.93
Manokwari,82,ID,1600635340,72,-0.87,134.08,78.96,3.18
Verkhnyaya Inta,79,RU,1600635805,89,65.98,60.31,34.7,7.96
Hull,35,GB,1600635718,82,53.74,-0.34,57.2,3.36
Perth,75,AU,1600635663,81,-31.93,115.83,55.0,5.82
Oyama,90,JP,1600635806,93,36.3,139.8,73.0,4.7
Tūkrah,0,LY,1600635806,68,32.53,20.58,74.25,8.01
Carora,72,VE,1600635807,51,10.18,-70.08,88.34,4.92
Khani,4,GE,1600635807,93,41.96,42.96,60.8,3.36
Atasū,0,KZ,1600635807,36,48.68,71.64,58.62,16.51
Mattru,100,SL,1600635342,98,7.62,-11.83,73.4,2.77
Antofagasta,5,CL,1600635621,67,-23.65,-70.4,60.8,11.41
Boa Vista,20,BR,1600635309,39,2.82,-60.67,95.0,9.17
Campestre,75,BR,1600635343,75,-21.71,-46.25,65.14,2.33
La Orilla,32,MX,1600635344,65,17.98,-102.23,86.2,7.47
Ulladulla,0,AU,1600635224,100,-35.35,150.47,57.99,1.12
Kudahuvadhoo,44,MV,1600635809,78,2.67,72.89,82.22,9.53
Fort Nelson,75,CA,1600635344,36,58.81,-122.7,62.6,6.93
Progreso,75,MX,1600635809,56,21.28,-89.67,93.2,8.21
Maniitsoq,98,GL,1600635810,90,65.42,-52.9,34.11,4.81
Ojinaga,1,MX,1600635345,35,29.57,-104.42,84.2,10.31
São José da Coroa Grande,37,BR,1600635346,83,-8.9,-35.15,76.17,11.23
Rørvik,75,NO,1600635346,76,64.86,11.24,51.8,21.92
Colomi,20,BO,1600635811,29,-17.35,-65.87,75.2,12.75
Juneau,90,US,1600635085,76,58.3,-134.42,53.6,8.05
Port Shepstone,82,ZA,1600635347,73,-30.74,30.45,66.27,24.7
Laas,75,IT,1600635731,87,46.62,10.7,59.0,3.36
Novy Urengoy,100,RU,1600635812,93,66.08,76.63,47.53,13.51
Tulagi,20,SB,1600635812,94,-9.1,160.15,75.2,2.24
Cabedelo,20,BR,1600635650,74,-6.98,-34.83,78.8,9.17
Zimapan,96,MX,1600635348,68,20.75,-99.35,64.81,6.91
Jaca,32,ES,1600635349,88,42.57,-0.55,62.01,2.21
Caucayá,60,CO,1600635813,57,-0.19,-74.78,85.59,3.53
Rokytne,79,UA,1600635813,65,51.28,27.21,51.15,4.47
Kristiansund,100,NO,1600635349,76,63.11,7.73,55.4,29.97
Vila,75,PT,1600635814,93,42.03,-8.16,64.0,2.24
Prachuap Khiri Khan,98,TH,1600635814,81,11.82,99.78,78.13,2.84
Ürümqi,100,CN,1600635351,58,43.8,87.6,59.0,2.24
Beringovskiy,100,RU,1600635815,74,63.05,179.32,43.52,20.98
Vila Velha,75,BR,1600635815,78,-20.33,-40.29,80.01,8.05
Iqaluit,75,CA,1600635351,74,63.75,-68.51,33.8,12.75
Maceió,20,BR,1600635352,78,-9.67,-35.74,78.8,14.99
Vestmannaeyjar,67,IS,1600635787,70,63.44,-20.27,46.78,21.18
Norrtälje,100,SE,1600635352,86,59.76,18.7,55.99,4.0
eMkhomazi,25,ZA,1600635353,72,-30.21,30.8,68.0,8.99
Seoul,1,KR,1600635816,87,37.57,126.98,55.4,2.48
Kitimat,100,CA,1600635817,93,54.05,-128.65,54.0,4.27
Alugan,100,PH,1600635353,89,12.22,125.48,79.07,4.74
Camaná,48,PE,1600635354,68,-16.62,-72.71,64.92,7.09
Mackenzie,40,CA,1600635354,76,55.3,-123.17,57.2,10.29
Chumikan,10,RU,1600635818,78,54.72,135.31,45.28,5.01
Verkhnevilyuysk,79,RU,1600635355,90,63.45,120.32,40.66,1.74
Coquimbo,40,CL,1600635355,72,-29.95,-71.34,59.0,8.05
Pasni,0,PK,1600635819,60,25.26,63.47,83.26,2.19
Ouésso,99,CG,1600635819,94,1.61,16.05,71.02,1.66
Shenavan,64,AM,1600635356,33,40.05,43.93,71.6,18.34
Liuzhou,81,CN,1600635820,89,24.31,109.39,74.43,1.86
Skjervøy,40,NO,1600635357,81,70.03,20.97,42.8,10.29
Pacific Grove,1,US,1600635820,64,36.62,-121.92,84.99,5.82
Kitgum,100,UG,1600635820,91,3.28,32.89,66.7,3.09
Tautira,20,PF,1600635358,62,-17.73,-149.15,84.2,19.46
Kalanguy,100,RU,1600635358,95,51.02,116.52,43.86,3.27
Padang,100,ID,1600635313,73,-0.95,100.35,78.64,3.91
Coxim,46,BR,1600635821,27,-18.51,-54.76,94.59,8.43
Bagnara Calabra,20,IT,1600635359,78,38.29,15.81,75.2,1.12
Fairbanks,75,US,1600635332,87,64.84,-147.72,46.0,3.36
Leiva,75,CO,1600635360,70,1.93,-77.3,75.87,4.52
Naliya,100,IN,1600635822,77,23.27,68.83,82.98,2.73
Pangnirtung,75,CA,1600635822,69,66.15,-65.71,35.6,10.29
Villarrica,69,PY,1600635823,49,-25.75,-56.43,64.04,9.13
Kyra,17,RU,1600635823,79,49.58,111.98,38.79,5.91
Ekhabi,75,RU,1600635361,88,53.51,142.97,44.73,5.48
Jamiltepec,84,MX,1600635823,77,16.28,-97.82,82.08,6.87
Kabare,52,CD,1600635824,75,-2.47,28.82,63.48,2.42
Carbonear,100,CA,1600635824,70,47.73,-53.21,50.0,7.45
Henties Bay,0,NA,1600635825,87,-22.12,14.28,54.0,8.55
Kathmandu,75,NP,1600635256,94,27.72,85.32,71.6,2.24
